<?xml version="1.0" encoding="UTF-8"?>
<project-private xmlns="http://www.netbeans.org/ns/project-private/1">
    <editor-bookmarks xmlns="http://www.netbeans.org/ns/editor-bookmarks/2" lastBookmarkId="0"/>
    <open-files xmlns="http://www.netbeans.org/ns/projectui-open-files/2">
        <group>
            <file>file:/C:/Users/ricardo.ADM/Documents/NetBeansProjects/cloudSim/src/org/cloudbus/cloudsim/examples/CloudSimExample4.java</file>
            <file>file:/C:/Users/ricardo.ADM/Documents/NetBeansProjects/cloudSim/src/org/cloudbus/cloudsim/examples/CloudSimExample7.java</file>
            <file>file:/C:/Users/ricardo.ADM/Documents/NetBeansProjects/cloudSim/src/org/cloudbus/cloudsim/examples/CloudSimExample1.java</file>
            <file>file:/C:/Users/ricardo.ADM/Documents/NetBeansProjects/cloudSim/src/org/cloudbus/cloudsim/examples/CloudSimExample8.java</file>
            <file>file:/C:/Users/ricardo.ADM/Documents/NetBeansProjects/cloudSim/src/org/cloudbus/cloudsim/examples/CloudSimExample3.java</file>
            <file>file:/C:/Users/ricardo.ADM/Documents/NetBeansProjects/cloudSim/src/org/cloudbus/cloudsim/examples/CloudSimExample5.java</file>
            <file>file:/C:/Users/ricardo.ADM/Documents/NetBeansProjects/cloudSim/src/org/cloudbus/cloudsim/examples/CloudSimExample2.java</file>
            <file>file:/C:/Users/ricardo.ADM/Documents/NetBeansProjects/cloudSim/src/org/cloudbus/cloudsim/examples/CloudSimExample6.java</file>
        </group>
    </open-files>
</project-private>
